Ø§Ù„ØªØ§Ø±ÙŠØ®,Ø§Ù„ÙŠÙˆÙ…,Ù†ÙˆØ¹ Ø§Ù„Ù…Ù†Ø´ÙˆØ±,Ø¹Ù†ÙˆØ§Ù† Ø§Ù„Ù…Ù†Ø´ÙˆØ±,Ø§Ù„Ù†Øµ (Ø¨Ø§Ù„Ø£Ù„Ù…Ø§Ù†ÙŠØ©),Ø§Ù„Ù‡Ø§Ø´ØªØ§ØºØ§Øª,Ø§Ù„Ù…Ù†ØµØ©,CTA (Ø§Ù„Ø¥Ø¬Ø±Ø§Ø¡ Ø§Ù„Ù…Ø·Ù„ÙˆØ¨),Ø±Ø§Ø¨Ø· Ø§Ù„ØªØ³Ø¬ÙŠÙ„
2025-05-01,Thursday,ğŸ”¥ Teasing / ØºÙ…ÙˆØ¶,,,#Hairoticmen #BerlinMission #MÃ¤nnerpflege #Bartpflege #Herrenkosmetik,"Instagram, Facebook, TikTok",,https://hairoticmen.de/mission
2025-05-02,Friday,ğŸ¯ Ø­Ù…Ù„Ø© Ø§Ù„Ù…Ù‡Ø§Ù… â€“ Ù†Ù‚Ø§Ø· Ø§Ù„ÙˆÙ„Ø§Ø¡,,,#Hairoticmen #BerlinMission #MÃ¤nnerpflege #Bartpflege #Herrenkosmetik,"Instagram, Facebook, TikTok",,https://hairoticmen.de/mission
2025-05-03,Saturday,ğŸ¥ Reel / ÙÙŠØ¯ÙŠÙˆ Ù‚ØµÙŠØ±,,,#Hairoticmen #BerlinMission #MÃ¤nnerpflege #Bartpflege #Herrenkosmetik,"Instagram, Facebook, TikTok",,https://hairoticmen.de/mission
2025-05-04,Sunday,ğŸ“¸ Ø¹Ø±Ø¶ Ù…Ù†ØªØ¬,,,#Hairoticmen #BerlinMission #MÃ¤nnerpflege #Bartpflege #Herrenkosmetik,"Instagram, Facebook, TikTok",,https://hairoticmen.de/mission
2025-05-05,Monday,ğŸ’¬ Ø§Ù‚ØªØ¨Ø§Ø³ / ØªØ­ÙÙŠØ²,,,#Hairoticmen #BerlinMission #MÃ¤nnerpflege #Bartpflege #Herrenkosmetik,"Instagram, Facebook, TikTok",,https://hairoticmen.de/mission
2025-05-06,Tuesday,ğŸ“¢ Ø¥Ø¹Ù„Ø§Ù† Ù…ÙˆØ¹Ø¯,,,#Hairoticmen #BerlinMission #MÃ¤nnerpflege #Bartpflege #Herrenkosmetik,"Instagram, Facebook, TikTok",,https://hairoticmen.de/mission
2025-05-07,Wednesday,ğŸ Ù‡Ø¯ÙŠØ© / Ø®ØµÙ…,,,#Hairoticmen #BerlinMission #MÃ¤nnerpflege #Bartpflege #Herrenkosmetik,"Instagram, Facebook, TikTok",,https://hairoticmen.de/mission
2025-05-08,Thursday,ğŸ§  ØªÙˆØ¹ÙŠØ© Ø¨Ø§Ù„Ø¹Ù†Ø§ÙŠØ© Ø§Ù„Ø±Ø¬Ø§Ù„ÙŠØ©,,,#Hairoticmen #BerlinMission #MÃ¤nnerpflege #Bartpflege #Herrenkosmetik,"Instagram, Facebook, TikTok",,https://hairoticmen.de/mission
2025-05-09,Friday,ğŸ”¥ Teasing / ØºÙ…ÙˆØ¶,,,#Hairoticmen #BerlinMission #MÃ¤nnerpflege #Bartpflege #Herrenkosmetik,"Instagram, Facebook, TikTok",,https://hairoticmen.de/mission
2025-05-10,Saturday,ğŸ¯ Ø­Ù…Ù„Ø© Ø§Ù„Ù…Ù‡Ø§Ù… â€“ Ù†Ù‚Ø§Ø· Ø§Ù„ÙˆÙ„Ø§Ø¡,,,#Hairoticmen #BerlinMission #MÃ¤nnerpflege #Bartpflege #Herrenkosmetik,"Instagram, Facebook, TikTok",,https://hairoticmen.de/mission
2025-05-11,Sunday,ğŸ¥ Reel / ÙÙŠØ¯ÙŠÙˆ Ù‚ØµÙŠØ±,,,#Hairoticmen #BerlinMission #MÃ¤nnerpflege #Bartpflege #Herrenkosmetik,"Instagram, Facebook, TikTok",,https://hairoticmen.de/mission
2025-05-12,Monday,ğŸ“¸ Ø¹Ø±Ø¶ Ù…Ù†ØªØ¬,,,#Hairoticmen #BerlinMission #MÃ¤nnerpflege #Bartpflege #Herrenkosmetik,"Instagram, Facebook, TikTok",,https://hairoticmen.de/mission
2025-05-13,Tuesday,ğŸ’¬ Ø§Ù‚ØªØ¨Ø§Ø³ / ØªØ­ÙÙŠØ²,,,#Hairoticmen #BerlinMission #MÃ¤nnerpflege #Bartpflege #Herrenkosmetik,"Instagram, Facebook, TikTok",,https://hairoticmen.de/mission
2025-05-14,Wednesday,ğŸ“¢ Ø¥Ø¹Ù„Ø§Ù† Ù…ÙˆØ¹Ø¯,,,#Hairoticmen #BerlinMission #MÃ¤nnerpflege #Bartpflege #Herrenkosmetik,"Instagram, Facebook, TikTok",,https://hairoticmen.de/mission
2025-05-15,Thursday,ğŸ Ù‡Ø¯ÙŠØ© / Ø®ØµÙ…,,,#Hairoticmen #BerlinMission #MÃ¤nnerpflege #Bartpflege #Herrenkosmetik,"Instagram, Facebook, TikTok",,https://hairoticmen.de/mission
2025-05-16,Friday,ğŸ§  ØªÙˆØ¹ÙŠØ© Ø¨Ø§Ù„Ø¹Ù†Ø§ÙŠØ© Ø§Ù„Ø±Ø¬Ø§Ù„ÙŠØ©,,,#Hairoticmen #BerlinMission #MÃ¤nnerpflege #Bartpflege #Herrenkosmetik,"Instagram, Facebook, TikTok",,https://hairoticmen.de/mission
2025-05-17,Saturday,ğŸ”¥ Teasing / ØºÙ…ÙˆØ¶,,,#Hairoticmen #BerlinMission #MÃ¤nnerpflege #Bartpflege #Herrenkosmetik,"Instagram, Facebook, TikTok",,https://hairoticmen.de/mission
2025-05-18,Sunday,ğŸ¯ Ø­Ù…Ù„Ø© Ø§Ù„Ù…Ù‡Ø§Ù… â€“ Ù†Ù‚Ø§Ø· Ø§Ù„ÙˆÙ„Ø§Ø¡,,,#Hairoticmen #BerlinMission #MÃ¤nnerpflege #Bartpflege #Herrenkosmetik,"Instagram, Facebook, TikTok",,https://hairoticmen.de/mission
2025-05-19,Monday,ğŸ¥ Reel / ÙÙŠØ¯ÙŠÙˆ Ù‚ØµÙŠØ±,,,#Hairoticmen #BerlinMission #MÃ¤nnerpflege #Bartpflege #Herrenkosmetik,"Instagram, Facebook, TikTok",,https://hairoticmen.de/mission
2025-05-20,Tuesday,ğŸ“¸ Ø¹Ø±Ø¶ Ù…Ù†ØªØ¬,,,#Hairoticmen #BerlinMission #MÃ¤nnerpflege #Bartpflege #Herrenkosmetik,"Instagram, Facebook, TikTok",,https://hairoticmen.de/mission
2025-05-21,Wednesday,ğŸ’¬ Ø§Ù‚ØªØ¨Ø§Ø³ / ØªØ­ÙÙŠØ²,,,#Hairoticmen #BerlinMission #MÃ¤nnerpflege #Bartpflege #Herrenkosmetik,"Instagram, Facebook, TikTok",,https://hairoticmen.de/mission
2025-05-22,Thursday,ğŸ“¢ Ø¥Ø¹Ù„Ø§Ù† Ù…ÙˆØ¹Ø¯,,,#Hairoticmen #BerlinMission #MÃ¤nnerpflege #Bartpflege #Herrenkosmetik,"Instagram, Facebook, TikTok",,https://hairoticmen.de/mission
2025-05-23,Friday,ğŸ Ù‡Ø¯ÙŠØ© / Ø®ØµÙ…,,,#Hairoticmen #BerlinMission #MÃ¤nnerpflege #Bartpflege #Herrenkosmetik,"Instagram, Facebook, TikTok",,https://hairoticmen.de/mission
2025-05-24,Saturday,ğŸ§  ØªÙˆØ¹ÙŠØ© Ø¨Ø§Ù„Ø¹Ù†Ø§ÙŠØ© Ø§Ù„Ø±Ø¬Ø§Ù„ÙŠØ©,,,#Hairoticmen #BerlinMission #MÃ¤nnerpflege #Bartpflege #Herrenkosmetik,"Instagram, Facebook, TikTok",,https://hairoticmen.de/mission
2025-05-25,Sunday,ğŸ”¥ Teasing / ØºÙ…ÙˆØ¶,,,#Hairoticmen #BerlinMission #MÃ¤nnerpflege #Bartpflege #Herrenkosmetik,"Instagram, Facebook, TikTok",,https://hairoticmen.de/mission
2025-05-26,Monday,ğŸ¯ Ø­Ù…Ù„Ø© Ø§Ù„Ù…Ù‡Ø§Ù… â€“ Ù†Ù‚Ø§Ø· Ø§Ù„ÙˆÙ„Ø§Ø¡,,,#Hairoticmen #BerlinMission #MÃ¤nnerpflege #Bartpflege #Herrenkosmetik,"Instagram, Facebook, TikTok",,https://hairoticmen.de/mission
2025-05-27,Tuesday,ğŸ¥ Reel / ÙÙŠØ¯ÙŠÙˆ Ù‚ØµÙŠØ±,,,#Hairoticmen #BerlinMission #MÃ¤nnerpflege #Bartpflege #Herrenkosmetik,"Instagram, Facebook, TikTok",,https://hairoticmen.de/mission
2025-05-28,Wednesday,ğŸ“¸ Ø¹Ø±Ø¶ Ù…Ù†ØªØ¬,,,#Hairoticmen #BerlinMission #MÃ¤nnerpflege #Bartpflege #Herrenkosmetik,"Instagram, Facebook, TikTok",,https://hairoticmen.de/mission
2025-05-29,Thursday,ğŸ’¬ Ø§Ù‚ØªØ¨Ø§Ø³ / ØªØ­ÙÙŠØ²,,,#Hairoticmen #BerlinMission #MÃ¤nnerpflege #Bartpflege #Herrenkosmetik,"Instagram, Facebook, TikTok",,https://hairoticmen.de/mission
2025-05-30,Friday,ğŸ“¢ Ø¥Ø¹Ù„Ø§Ù† Ù…ÙˆØ¹Ø¯,,,#Hairoticmen #BerlinMission #MÃ¤nnerpflege #Bartpflege #Herrenkosmetik,"Instagram, Facebook, TikTok",,https://hairoticmen.de/mission
